"","alpha_x","beta_x","r_nucleus","D_t","specific_energy","let","alpha","beta","alpha_sigma","beta_sigma","cell","particle","RBE_alpha"
"1",0.54,0.062,6.5,9.5,172.698,0.5,0.402169,0.0692349,0,0,"AG01522","H",0.744757407407407
"2",0.54,0.062,6.5,9.5,143.534,0.567824,0.422351,0.0681691,0,0,"AG01522","H",0.782131481481481
"3",0.54,0.062,6.5,9.5,119.965,0.644847,0.443462,0.0670538,0,0,"AG01522","H",0.821225925925926
"4",0.54,0.062,6.5,9.5,100.952,0.732319,0.465307,0.0658991,0,0,"AG01522","H",0.86167962962963
"5",0.54,0.062,6.5,9.5,85.4798,0.831656,0.4879,0.0647041,0,0,"AG01522","H",0.903518518518518
"6",0.54,0.062,6.5,9.5,72.4215,0.944468,0.511701,0.0634445,0,0,"AG01522","H",0.947594444444444
"7",0.54,0.062,6.5,9.5,61.3953,1.07258,0.536965,0.0621067,0,0,"AG01522","H",0.99437962962963
"8",0.54,0.062,6.5,9.5,52.3329,1.21808,0.563288,0.0607117,0,0,"AG01522","H",1.04312592592593
"9",0.54,0.062,6.5,9.5,44.5844,1.3833,0.591279,0.0592272,0,0,"AG01522","H",1.09496111111111
"10",0.54,0.062,6.5,9.5,38.033,1.57095,0.620944,0.0576526,0,0,"AG01522","H",1.1498962962963
"11",0.54,0.062,6.5,9.5,32.4783,1.78404,0.652489,0.0559766,0,0,"AG01522","H",1.20831296296296
"12",0.54,0.062,6.5,9.5,27.7871,2.02604,0.685886,0.0542004,0,0,"AG01522","H",1.27015925925926
"13",0.54,0.062,6.5,9.5,23.8148,2.30087,0.72134,0.0523127,0,0,"AG01522","H",1.33581481481481
"14",0.54,0.062,6.5,9.5,20.3604,2.61297,0.759827,0.0502614,0,0,"AG01522","H",1.40708703703704
"15",0.54,0.062,6.5,9.5,17.41,2.96741,0.801198,0.0480538,0,0,"AG01522","H",1.4837
"16",0.54,0.062,6.5,9.5,14.8921,3.36994,0.841033,0.0459227,0,0,"AG01522","H",1.55746851851852
"17",0.54,0.062,6.5,9.5,12.7468,3.82706,0.867543,0.0444902,0,0,"AG01522","H",1.60656111111111
"18",0.54,0.062,6.5,9.5,10.8957,4.34619,0.896318,0.0429324,0,0,"AG01522","H",1.65984814814815
"19",0.54,0.062,6.5,9.5,9.32672,4.93574,0.927616,0.0412347,0,0,"AG01522","H",1.71780740740741
"20",0.54,0.062,6.5,9.5,7.95205,5.60526,0.962646,0.039332,0,0,"AG01522","H",1.78267777777778
"21",0.54,0.062,6.5,9.5,6.79001,6.36559,1.00054,0.0372691,0,0,"AG01522","H",1.85285185185185
"22",0.54,0.062,6.5,9.5,5.79218,7.22907,1.04226,0.0349933,0,0,"AG01522","H",1.93011111111111
"23",0.54,0.062,6.5,9.5,4.93205,8.20967,1.09019,0.032377,0,0,"AG01522","H",2.01887037037037
"24",0.54,0.062,6.5,9.5,4.20451,9.32329,1.14263,0.0295089,0,0,"AG01522","H",2.11598148148148
"25",0.54,0.062,6.5,9.5,3.56668,10.588,1.20264,0.0262237,0,0,"AG01522","H",2.22711111111111
"26",0.54,0.062,6.5,9.5,3.02632,12.0242,1.26986,0.02254,0,0,"AG01522","H",2.35159259259259
"27",0.54,0.062,6.5,9.5,2.56754,13.6552,1.34499,0.0184187,0,0,"AG01522","H",2.49072222222222
"28",0.54,0.062,6.5,9.5,2.16897,15.5075,1.42846,0.013836,0,0,"AG01522","H",2.6452962962963
"29",0.54,0.062,6.5,9.5,1.81094,17.6111,1.52027,0.00879234,0,0,"AG01522","H",2.81531481481481
"30",0.54,0.062,6.5,9.5,1.48675,20,1.60229,0.00424515,0,0,"AG01522","H",2.9672037037037
"31",0.11,0.06,6.5,8,172.698,0.5,0.127549,0.0588984,0,0,"U87","H",1.15953636363636
"32",0.11,0.06,6.5,8,143.534,0.567824,0.138268,0.0582273,0,0,"U87","H",1.25698181818182
"33",0.11,0.06,6.5,8,119.965,0.644847,0.149487,0.0575248,0,0,"U87","H",1.35897272727273
"34",0.11,0.06,6.5,8,100.952,0.732319,0.161175,0.0567928,0,0,"U87","H",1.46522727272727
"35",0.11,0.06,6.5,8,85.4798,0.831656,0.173273,0.0560348,0,0,"U87","H",1.57520909090909
"36",0.11,0.06,6.5,8,72.4215,0.944468,0.18615,0.0552277,0,0,"U87","H",1.69227272727273
"37",0.11,0.06,6.5,8,61.3953,1.07258,0.19987,0.0543674,0,0,"U87","H",1.817
"38",0.11,0.06,6.5,8,52.3329,1.21808,0.21415,0.0534717,0,0,"U87","H",1.94681818181818
"39",0.11,0.06,6.5,8,44.5844,1.3833,0.229405,0.0525143,0,0,"U87","H",2.0855
"40",0.11,0.06,6.5,8,38.033,1.57095,0.245631,0.0514955,0,0,"U87","H",2.23300909090909
"41",0.11,0.06,6.5,8,32.4783,1.78404,0.262885,0.0504115,0,0,"U87","H",2.38986363636364
"42",0.11,0.06,6.5,8,27.7871,2.02604,0.281233,0.049258,0,0,"U87","H",2.55666363636364
"43",0.11,0.06,6.5,8,23.8148,2.30087,0.300765,0.0480292,0,0,"U87","H",2.73422727272727
"44",0.11,0.06,6.5,8,20.3604,2.61297,0.321958,0.0466949,0,0,"U87","H",2.92689090909091
"45",0.11,0.06,6.5,8,17.41,2.96741,0.344778,0.0452571,0,0,"U87","H",3.13434545454545
"46",0.11,0.06,6.5,8,14.8921,3.36994,0.368447,0.0437641,0,0,"U87","H",3.34951818181818
"47",0.11,0.06,6.5,8,12.7468,3.82706,0.39066,0.0423601,0,0,"U87","H",3.55145454545455
"48",0.11,0.06,6.5,8,10.8957,4.34619,0.414916,0.0408255,0,0,"U87","H",3.77196363636364
"49",0.11,0.06,6.5,8,9.32672,4.93574,0.441256,0.039157,0,0,"U87","H",4.01141818181818
"50",0.11,0.06,6.5,8,7.95205,5.60526,0.47064,0.037294,0,0,"U87","H",4.27854545454545
"51",0.11,0.06,6.5,8,6.79001,6.36559,0.502712,0.035258,0,0,"U87","H",4.57010909090909
"52",0.11,0.06,6.5,8,5.79218,7.22907,0.53825,0.0329995,0,0,"U87","H",4.89318181818182
"53",0.11,0.06,6.5,8,4.93205,8.20967,0.578305,0.0304516,0,0,"U87","H",5.25731818181818
"54",0.11,0.06,6.5,8,4.20451,9.32329,0.622599,0.0276308,0,0,"U87","H",5.65999090909091
"55",0.11,0.06,6.5,8,3.56668,10.588,0.673319,0.0243988,0,0,"U87","H",6.12108181818182
"56",0.11,0.06,6.5,8,3.02632,12.0242,0.730117,0.0207768,0,0,"U87","H",6.63742727272727
"57",0.11,0.06,6.5,8,2.56754,13.6552,0.793386,0.0167397,0,0,"U87","H",7.2126
"58",0.11,0.06,6.5,8,2.16897,15.5075,0.863458,0.0122667,0,0,"U87","H",7.84961818181818
"59",0.11,0.06,6.5,8,1.81094,17.6111,0.938535,0.00747166,0,0,"U87","H",8.53213636363636
"60",0.11,0.06,6.5,8,1.48675,20,1.00029,0.00350327,0,0,"U87","H",9.09354545454545
"61",0.313,0.0615,5,30,172.698,0.5,0.252476,0.0624921,0,0,"HSG","H",0.806632587859425
"62",0.313,0.0615,5,30,143.534,0.567824,0.270793,0.0621832,0,0,"HSG","H",0.865153354632588
"63",0.313,0.0615,5,30,119.965,0.644847,0.291842,0.061828,0,0,"HSG","H",0.932402555910543
"64",0.313,0.0615,5,30,100.952,0.732319,0.316048,0.061419,0,0,"HSG","H",1.00973801916933
"65",0.313,0.0615,5,30,85.4798,0.831656,0.344028,0.0609456,0,0,"HSG","H",1.09913099041534
"66",0.313,0.0615,5,30,72.4215,0.944468,0.377004,0.0603871,0,0,"HSG","H",1.20448562300319
"67",0.313,0.0615,5,30,61.3953,1.07258,0.416046,0.059725,0,0,"HSG","H",1.32922044728435
"68",0.313,0.0615,5,30,52.3329,1.21808,0.460084,0.0589767,0,0,"HSG","H",1.46991693290735
"69",0.313,0.0615,5,30,44.5844,1.3833,0.507112,0.0581754,0,0,"HSG","H",1.6201661341853
"70",0.313,0.0615,5,30,38.033,1.57095,0.55734,0.0573168,0,0,"HSG","H",1.78063897763578
"71",0.313,0.0615,5,30,32.4783,1.78404,0.611305,0.0563912,0,0,"HSG","H",1.95305111821086
"72",0.313,0.0615,5,30,27.7871,2.02604,0.668585,0.0554047,0,0,"HSG","H",2.13605431309904
"73",0.313,0.0615,5,30,23.8148,2.30087,0.729312,0.054354,0,0,"HSG","H",2.33007028753994
"74",0.313,0.0615,5,30,20.3604,2.61297,0.795009,0.053212,0,0,"HSG","H",2.53996485623003
"75",0.313,0.0615,5,30,17.41,2.96741,0.866225,0.0519678,0,0,"HSG","H",2.76749201277955
"76",0.313,0.0615,5,30,14.8921,3.36994,0.942766,0.0506227,0,0,"HSG","H",3.01203194888179
"77",0.313,0.0615,5,30,12.7468,3.82706,1.02246,0.0492116,0,0,"HSG","H",3.26664536741214
"78",0.313,0.0615,5,30,10.8957,4.34619,1.09959,0.0478297,0,0,"HSG","H",3.51306709265176
"79",0.313,0.0615,5,30,9.32672,4.93574,1.18314,0.0463214,0,0,"HSG","H",3.78
"80",0.313,0.0615,5,30,7.95205,5.60526,1.27601,0.0446331,0,0,"HSG","H",4.07670926517572
"81",0.313,0.0615,5,30,6.79001,6.36559,1.37716,0.0427785,0,0,"HSG","H",4.39987220447284
"82",0.313,0.0615,5,30,5.79218,7.22907,1.4889,0.0407128,0,0,"HSG","H",4.75686900958466
"83",0.313,0.0615,5,30,4.93205,8.20967,1.61415,0.03838,0,0,"HSG","H",5.15702875399361
"84",0.313,0.0615,5,30,4.20451,9.32329,1.75223,0.035785,0,0,"HSG","H",5.59817891373802
"85",0.313,0.0615,5,30,3.56668,10.588,1.90965,0.0328077,0,0,"HSG","H",6.10111821086262
"86",0.313,0.0615,5,30,3.02632,12.0242,2.08589,0.02945,0,0,"HSG","H",6.66418530351438
"87",0.313,0.0615,5,30,2.56754,13.6552,2.28365,0.0256581,0,0,"HSG","H",7.29600638977636
"88",0.313,0.0615,5,30,2.16897,15.5075,2.50898,0.0213224,0,0,"HSG","H",8.01591054313099
"89",0.313,0.0615,5,30,1.81094,17.6111,2.77292,0.0162525,0,0,"HSG","H",8.85916932907348
"90",0.313,0.0615,5,30,1.48675,20,3.07592,0.0104549,0,0,"HSG","H",9.82722044728435
"91",0.54,0.062,6.5,9.5,21.4706,10,0.851163,0.0449253,0,0,"AG01522","He",1.57622777777778
"92",0.54,0.062,6.5,9.5,19.1623,10.9788,0.882461,0.0431915,0,0,"AG01522","He",1.63418703703704
"93",0.54,0.062,6.5,9.5,17.0551,12.0534,0.916048,0.0413262,0,0,"AG01522","He",1.69638518518518
"94",0.54,0.062,6.5,9.5,15.2159,13.2332,0.949013,0.0394836,0,0,"AG01522","He",1.75743148148148
"95",0.54,0.062,6.5,9.5,13.5792,14.5285,0.97042,0.0382456,0,0,"AG01522","He",1.79707407407407
"96",0.54,0.062,6.5,9.5,12.1219,15.9505,0.992957,0.0369354,0,0,"AG01522","He",1.83880925925926
"97",0.54,0.062,6.5,9.5,10.8174,17.5117,1.01684,0.0355406,0,0,"AG01522","He",1.88303703703704
"98",0.54,0.062,6.5,9.5,9.62763,19.2258,1.04296,0.0340114,0,0,"AG01522","He",1.93140740740741
"99",0.54,0.062,6.5,9.5,8.58027,21.1076,1.07003,0.0324156,0,0,"AG01522","He",1.98153703703704
"100",0.54,0.062,6.5,9.5,7.64628,23.1736,1.09911,0.0306943,0,0,"AG01522","He",2.03538888888889
"101",0.54,0.062,6.5,9.5,6.80913,25.4419,1.12974,0.0288707,0,0,"AG01522","He",2.09211111111111
"102",0.54,0.062,6.5,9.5,6.06977,27.9321,1.16254,0.0269091,0,0,"AG01522","He",2.15285185185185
"103",0.54,0.062,6.5,9.5,5.40612,30.6661,1.19727,0.0248212,0,0,"AG01522","He",2.21716666666667
"104",0.54,0.062,6.5,9.5,4.8081,33.6677,1.23523,0.0225348,0,0,"AG01522","He",2.28746296296296
"105",0.54,0.062,6.5,9.5,4.26771,36.9631,1.27593,0.0200738,0,0,"AG01522","He",2.36283333333333
"106",0.54,0.062,6.5,9.5,3.79522,40.581,1.31861,0.0174776,0,0,"AG01522","He",2.44187037037037
"107",0.54,0.062,6.5,9.5,3.37518,44.5531,1.36321,0.0147482,0,0,"AG01522","He",2.52446296296296
"108",0.54,0.062,6.5,9.5,2.99611,48.914,1.40986,0.0118766,0,0,"AG01522","He",2.61085185185185
"109",0.54,0.062,6.5,9.5,2.66595,53.7017,1.45565,0.00901701,0,0,"AG01522","He",2.69564814814815
"110",0.54,0.062,6.5,9.5,2.35457,58.958,1.50078,0.00615887,0,0,"AG01522","He",2.77922222222222
"111",0.54,0.062,6.5,9.5,2.01885,64.7288,1.54107,0.0035215,0,0,"AG01522","He",2.85383333333333
"112",0.54,0.062,6.5,9.5,1.77592,71.0644,1.55742,0.00211211,0,0,"AG01522","He",2.88411111111111
"113",0.54,0.062,6.5,9.5,1.56138,78.0202,1.56147,0.00130729,0,0,"AG01522","He",2.89161111111111
"114",0.54,0.062,6.5,9.5,1.36875,85.6568,1.55434,0.00104183,0,0,"AG01522","He",2.87840740740741
"115",0.54,0.062,6.5,9.5,1.20063,94.0409,1.5518,0.000478307,0,0,"AG01522","He",2.8737037037037
"116",0.54,0.062,6.5,9.5,1.04925,103.246,1.53439,0.000642238,0,0,"AG01522","He",2.84146296296296
"117",0.54,0.062,6.5,9.5,0.911643,113.351,1.52035,0.000564298,0,0,"AG01522","He",2.81546296296296
"118",0.54,0.062,6.5,9.5,0.791541,124.446,1.50508,0.000483755,0,0,"AG01522","He",2.78718518518518
"119",0.54,0.062,6.5,9.5,0.682721,136.627,1.46624,0.00158515,0,0,"AG01522","He",2.71525925925926
"120",0.54,0.062,6.5,9.5,0.586436,150,1.47782,0,0,0,"AG01522","He",2.7367037037037
"121",0.11,0.06,6.5,8,21.4706,10,0.401983,0.0414877,0,0,"U87","He",3.65439090909091
"122",0.11,0.06,6.5,8,19.1623,10.9788,0.420195,0.0403138,0,0,"U87","He",3.81995454545455
"123",0.11,0.06,6.5,8,17.0551,12.0534,0.439739,0.0390517,0,0,"U87","He",3.99762727272727
"124",0.11,0.06,6.5,8,15.2159,13.2332,0.459721,0.0377573,0,0,"U87","He",4.17928181818182
"125",0.11,0.06,6.5,8,13.5792,14.5285,0.478087,0.0365597,0,0,"U87","He",4.34624545454545
"126",0.11,0.06,6.5,8,12.1219,15.9505,0.497504,0.0352901,0,0,"U87","He",4.52276363636364
"127",0.11,0.06,6.5,8,10.8174,17.5117,0.518142,0.033937,0,0,"U87","He",4.71038181818182
"128",0.11,0.06,6.5,8,9.62763,19.2258,0.540521,0.0324668,0,0,"U87","He",4.91382727272727
"129",0.11,0.06,6.5,8,8.58027,21.1076,0.564079,0.030914,0,0,"U87","He",5.12799090909091
"130",0.11,0.06,6.5,8,7.64628,23.1736,0.589284,0.0292483,0,0,"U87","He",5.35712727272727
"131",0.11,0.06,6.5,8,6.80913,25.4419,0.616227,0.0274628,0,0,"U87","He",5.60206363636364
"132",0.11,0.06,6.5,8,6.06977,27.9321,0.644927,0.0255554,0,0,"U87","He",5.86297272727273
"133",0.11,0.06,6.5,8,5.40612,30.6661,0.675701,0.0235049,0,0,"U87","He",6.14273636363636
"134",0.11,0.06,6.5,8,4.8081,33.6677,0.709067,0.0212775,0,0,"U87","He",6.44606363636364
"135",0.11,0.06,6.5,8,4.26771,36.9631,0.745151,0.0188644,0,0,"U87","He",6.7741
"136",0.11,0.06,6.5,8,3.79522,40.581,0.783092,0.0163195,0,0,"U87","He",7.11901818181818
"137",0.11,0.06,6.5,8,3.37518,44.5531,0.82299,0.013636,0,0,"U87","He",7.48172727272727
"138",0.11,0.06,6.5,8,2.99611,48.914,0.864771,0.0108187,0,0,"U87","He",7.86155454545455
"139",0.11,0.06,6.5,8,2.66595,53.7017,0.905721,0.00803885,0,0,"U87","He",8.23382727272727
"140",0.11,0.06,6.5,8,2.35457,58.958,0.94541,0.00532349,0,0,"U87","He",8.59463636363636
"141",0.11,0.06,6.5,8,2.01885,64.7288,0.978773,0.00299015,0,0,"U87","He",8.89793636363636
"142",0.11,0.06,6.5,8,1.77592,71.0644,0.993639,0.00179889,0,0,"U87","He",9.03308181818182
"143",0.11,0.06,6.5,8,1.56138,78.0202,1.00007,0.00111369,0,0,"U87","He",9.09154545454546
"144",0.11,0.06,6.5,8,1.36875,85.6568,0.999008,0.000872046,0,0,"U87","He",9.08189090909091
"145",0.11,0.06,6.5,8,1.20063,94.0409,1.00103,0.000409417,0,0,"U87","He",9.10027272727273
"146",0.11,0.06,6.5,8,1.04925,103.246,0.993265,0.000529906,0,0,"U87","He",9.02968181818182
"147",0.11,0.06,6.5,8,0.911643,113.351,0.98796,0.000463689,0,0,"U87","He",8.98145454545454
"148",0.11,0.06,6.5,8,0.791541,124.446,0.982087,0.000397921,0,0,"U87","He",8.92806363636364
"149",0.11,0.06,6.5,8,0.682721,136.627,0.960218,0.00129899,0,0,"U87","He",8.72925454545454
"150",0.11,0.06,6.5,8,0.586436,150,0.973649,0,0,0,"U87","He",8.85135454545455
"151",0.313,0.0615,5,30,21.4706,10,1.10046,0.0470875,0,0,"HSG","He",3.51584664536741
"152",0.313,0.0615,5,30,19.1623,10.9788,1.15703,0.0459587,0,0,"HSG","He",3.69658146964856
"153",0.313,0.0615,5,30,17.0551,12.0534,1.21734,0.0447408,0,0,"HSG","He",3.88926517571885
"154",0.313,0.0615,5,30,15.2159,13.2332,1.27989,0.0434574,0,0,"HSG","He",4.0891054313099
"155",0.313,0.0615,5,30,13.5792,14.5285,1.34543,0.0420915,0,0,"HSG","He",4.29849840255591
"156",0.313,0.0615,5,30,12.1219,15.9505,1.40737,0.0407583,0,0,"HSG","He",4.49638977635783
"157",0.313,0.0615,5,30,10.8174,17.5117,1.47048,0.0393689,0,0,"HSG","He",4.69801916932907
"158",0.313,0.0615,5,30,9.62763,19.2258,1.53808,0.0378588,0,0,"HSG","He",4.91399361022364
"159",0.313,0.0615,5,30,8.58027,21.1076,1.60839,0.0362558,0,0,"HSG","He",5.13862619808307
"160",0.313,0.0615,5,30,7.64628,23.1736,1.68245,0.0345352,0,0,"HSG","He",5.37523961661342
"161",0.313,0.0615,5,30,6.80913,25.4419,1.7603,0.032691,0,0,"HSG","He",5.62396166134185
"162",0.313,0.0615,5,30,6.06977,27.9321,1.84162,0.0307234,0,0,"HSG","He",5.88376996805112
"163",0.313,0.0615,5,30,5.40612,30.6661,1.92695,0.0286163,0,0,"HSG","He",6.15638977635783
"164",0.313,0.0615,5,30,4.8081,33.6677,2.01723,0.0263463,0,0,"HSG","He",6.44482428115016
"165",0.313,0.0615,5,30,4.26771,36.9631,2.11238,0.0239093,0,0,"HSG","He",6.7488178913738
"166",0.313,0.0615,5,30,3.79522,40.581,2.20953,0.0213547,0,0,"HSG","He",7.05920127795527
"167",0.313,0.0615,5,30,3.37518,44.5531,2.30889,0.018675,0,0,"HSG","He",7.37664536741214
"168",0.313,0.0615,5,30,2.99611,48.914,2.4108,0.0158622,0,0,"HSG","He",7.70223642172524
"169",0.313,0.0615,5,30,2.66595,53.7017,2.50962,0.0130228,0,0,"HSG","He",8.01795527156549
"170",0.313,0.0615,5,30,2.35457,58.958,2.61052,0.0100634,0,0,"HSG","He",8.34031948881789
"171",0.313,0.0615,5,30,2.01885,64.7288,2.72607,0.00676359,0,0,"HSG","He",8.70948881789137
"172",0.313,0.0615,5,30,1.77592,71.0644,2.79632,0.00422843,0,0,"HSG","He",8.93392971246007
"173",0.313,0.0615,5,30,1.56138,78.0202,2.82395,0.00239115,0,0,"HSG","He",9.02220447284345
"174",0.313,0.0615,5,30,1.36875,85.6568,2.79839,0.001423,0,0,"HSG","He",8.94054313099041
"175",0.313,0.0615,5,30,1.20063,94.0409,2.75259,0.000732157,0,0,"HSG","He",8.79421725239617
"176",0.313,0.0615,5,30,1.04925,103.246,2.67396,0.000543767,0,0,"HSG","He",8.54300319488818
"177",0.313,0.0615,5,30,0.911643,113.351,2.59038,0.000368075,0,0,"HSG","He",8.27597444089457
"178",0.313,0.0615,5,30,0.791541,124.446,2.49923,0.000256356,0,0,"HSG","He",7.98476038338658
"179",0.313,0.0615,5,30,0.682721,136.627,2.37975,0.000604521,0,0,"HSG","He",7.60303514376997
"180",0.313,0.0615,5,30,0.586436,150,2.30823,0,0,0,"HSG","He",7.37453674121406
"181",0.54,0.062,6.5,9.5,35.3903,15,0.784253,0.0481559,0,0,"AG01522","Li",1.45232037037037
"182",0.54,0.062,6.5,9.5,31.7426,16.4015,0.809143,0.0467301,0,0,"AG01522","Li",1.49841296296296
"183",0.54,0.062,6.5,9.5,28.4201,17.9338,0.835441,0.0452165,0,0,"AG01522","Li",1.54711296296296
"184",0.54,0.062,6.5,9.5,25.4675,19.6094,0.862729,0.0436361,0,0,"AG01522","Li",1.5976462962963
"185",0.54,0.062,6.5,9.5,22.8237,21.4415,0.891211,0.0419767,0,0,"AG01522","Li",1.65039074074074
"186",0.54,0.062,6.5,9.5,20.4934,23.4448,0.920541,0.0402549,0,0,"AG01522","Li",1.70470555555556
"187",0.54,0.062,6.5,9.5,18.3744,25.6352,0.951517,0.0384264,0,0,"AG01522","Li",1.76206851851852
"188",0.54,0.062,6.5,9.5,16.4924,28.0303,0.98363,0.0365164,0,0,"AG01522","Li",1.82153703703704
"189",0.54,0.062,6.5,9.5,14.7934,30.6492,1.01191,0.0347912,0,0,"AG01522","Li",1.87390740740741
"190",0.54,0.062,6.5,9.5,13.2665,33.5128,1.03287,0.0334386,0,0,"AG01522","Li",1.91272222222222
"191",0.54,0.062,6.5,9.5,11.9006,36.6439,1.05487,0.0320044,0,0,"AG01522","Li",1.95346296296296
"192",0.54,0.062,6.5,9.5,10.6848,40.0675,1.07765,0.0305015,0,0,"AG01522","Li",1.99564814814815
"193",0.54,0.062,6.5,9.5,9.55217,43.811,1.10227,0.0288697,0,0,"AG01522","Li",2.04124074074074
"194",0.54,0.062,6.5,9.5,8.55177,47.9043,1.12786,0.0271523,0,0,"AG01522","Li",2.08862962962963
"195",0.54,0.062,6.5,9.5,7.67132,52.38,1.15377,0.0253831,0,0,"AG01522","Li",2.13661111111111
"196",0.54,0.062,6.5,9.5,6.87496,57.2738,1.1813,0.0234878,0,0,"AG01522","Li",2.18759259259259
"197",0.54,0.062,6.5,9.5,6.15937,62.6249,1.21074,0.021448,0,0,"AG01522","Li",2.24211111111111
"198",0.54,0.062,6.5,9.5,5.50263,68.476,1.24091,0.0193247,0,0,"AG01522","Li",2.29798148148148
"199",0.54,0.062,6.5,9.5,4.92384,74.8737,1.27332,0.017033,0,0,"AG01522","Li",2.358
"200",0.54,0.062,6.5,9.5,4.40658,81.8691,1.30577,0.0146898,0,0,"AG01522","Li",2.41809259259259
"201",0.54,0.062,6.5,9.5,3.93699,89.5181,1.33916,0.0122449,0,0,"AG01522","Li",2.47992592592593
"202",0.54,0.062,6.5,9.5,3.52447,97.8818,1.37164,0.00979553,0,0,"AG01522","Li",2.54007407407407
"203",0.54,0.062,6.5,9.5,3.15414,107.027,1.40233,0.00738826,0,0,"AG01522","Li",2.59690740740741
"204",0.54,0.062,6.5,9.5,2.817,117.026,1.42932,0.00512324,0,0,"AG01522","Li",2.64688888888889
"205",0.54,0.062,6.5,9.5,2.51864,127.96,1.44834,0.00322681,0,0,"AG01522","Li",2.68211111111111
"206",0.54,0.062,6.5,9.5,2.20325,139.916,1.45629,0.00185764,0,0,"AG01522","Li",2.69683333333333
"207",0.54,0.062,6.5,9.5,1.8911,152.988,1.45052,0.00115081,0,0,"AG01522","Li",2.68614814814815
"208",0.54,0.062,6.5,9.5,1.65793,167.282,1.44075,0.000581952,0,0,"AG01522","Li",2.66805555555556
"209",0.54,0.062,6.5,9.5,1.45149,182.911,1.42285,0.000367619,0,0,"AG01522","Li",2.63490740740741
"210",0.54,0.062,6.5,9.5,1.26999,200,1.40102,0.00028058,0,0,"AG01522","Li",2.59448148148148
"211",0.11,0.06,6.5,8,35.3903,15,0.377933,0.0428777,0,0,"U87","Li",3.43575454545455
"212",0.11,0.06,6.5,8,31.7426,16.4015,0.392776,0.0419024,0,0,"U87","Li",3.57069090909091
"213",0.11,0.06,6.5,8,28.4201,17.9338,0.408476,0.0408674,0,0,"U87","Li",3.71341818181818
"214",0.11,0.06,6.5,8,25.4675,19.6094,0.424833,0.0397848,0,0,"U87","Li",3.86211818181818
"215",0.11,0.06,6.5,8,22.8237,21.4415,0.441965,0.0386462,0,0,"U87","Li",4.01786363636364
"216",0.11,0.06,6.5,8,20.4934,23.4448,0.45971,0.0374614,0,0,"U87","Li",4.17918181818182
"217",0.11,0.06,6.5,8,18.3744,25.6352,0.478506,0.0362014,0,0,"U87","Li",4.35005454545455
"218",0.11,0.06,6.5,8,16.4924,28.0303,0.498111,0.0348807,0,0,"U87","Li",4.52828181818182
"219",0.11,0.06,6.5,8,14.7934,30.6492,0.517671,0.0335527,0,0,"U87","Li",4.7061
"220",0.11,0.06,6.5,8,13.2665,33.5128,0.53647,0.0322621,0,0,"U87","Li",4.877
"221",0.11,0.06,6.5,8,11.9006,36.6439,0.556258,0.0308963,0,0,"U87","Li",5.05689090909091
"222",0.11,0.06,6.5,8,10.6848,40.0675,0.576962,0.0294586,0,0,"U87","Li",5.24510909090909
"223",0.11,0.06,6.5,8,9.55217,43.811,0.599443,0.0278924,0,0,"U87","Li",5.44948181818182
"224",0.11,0.06,6.5,8,8.55177,47.9043,0.622986,0.0262422,0,0,"U87","Li",5.66350909090909
"225",0.11,0.06,6.5,8,7.67132,52.38,0.647398,0.0245184,0,0,"U87","Li",5.88543636363636
"226",0.11,0.06,6.5,8,6.87496,57.2738,0.673386,0.0226746,0,0,"U87","Li",6.12169090909091
"227",0.11,0.06,6.5,8,6.15937,62.6249,0.700994,0.0207061,0,0,"U87","Li",6.37267272727273
"228",0.11,0.06,6.5,8,5.50263,68.476,0.730403,0.0186001,0,0,"U87","Li",6.64002727272727
"229",0.11,0.06,6.5,8,4.92384,74.8737,0.761278,0.0163766,0,0,"U87","Li",6.92070909090909
"230",0.11,0.06,6.5,8,4.40658,81.8691,0.793204,0.0140613,0,0,"U87","Li",7.21094545454545
"231",0.11,0.06,6.5,8,3.93699,89.5181,0.826476,0.0116349,0,0,"U87","Li",7.51341818181818
"232",0.11,0.06,6.5,8,3.52447,97.8818,0.859438,0.00920269,0,0,"U87","Li",7.81307272727273
"233",0.11,0.06,6.5,8,3.15414,107.027,0.891251,0.00681785,0,0,"U87","Li",8.10228181818182
"234",0.11,0.06,6.5,8,2.817,117.026,0.919821,0.00461234,0,0,"U87","Li",8.36200909090909
"235",0.11,0.06,6.5,8,2.51864,127.96,0.940477,0.00287907,0,0,"U87","Li",8.54979090909091
"236",0.11,0.06,6.5,8,2.20325,139.916,0.952293,0.00167105,0,0,"U87","Li",8.65720909090909
"237",0.11,0.06,6.5,8,1.8911,152.988,0.954505,0.001031,0,0,"U87","Li",8.67731818181818
"238",0.11,0.06,6.5,8,1.65793,167.282,0.953821,0.000532787,0,0,"U87","Li",8.6711
"239",0.11,0.06,6.5,8,1.45149,182.911,0.947636,0.000337212,0,0,"U87","Li",8.61487272727273
"240",0.11,0.06,6.5,8,1.26999,200,0.938914,0.000255107,0,0,"U87","Li",8.53558181818182
"241",0.313,0.0615,5,30,35.3903,15,1.04877,0.0473839,0,0,"HSG","Li",3.35070287539936
"242",0.313,0.0615,5,30,31.7426,16.4015,1.09455,0.0463744,0,0,"HSG","Li",3.49696485623003
"243",0.313,0.0615,5,30,28.4201,17.9338,1.14259,0.0452952,0,0,"HSG","Li",3.65044728434505
"244",0.313,0.0615,5,30,25.4675,19.6094,1.1922,0.0441553,0,0,"HSG","Li",3.80894568690096
"245",0.313,0.0615,5,30,22.8237,21.4415,1.24363,0.0429458,0,0,"HSG","Li",3.97325878594249
"246",0.313,0.0615,5,30,20.4934,23.4448,1.29629,0.0416739,0,0,"HSG","Li",4.14150159744409
"247",0.313,0.0615,5,30,18.3744,25.6352,1.35129,0.0403139,0,0,"HSG","Li",4.31722044728435
"248",0.313,0.0615,5,30,16.4924,28.0303,1.40773,0.0388777,0,0,"HSG","Li",4.49753993610224
"249",0.313,0.0615,5,30,14.7934,30.6492,1.46621,0.0373485,0,0,"HSG","Li",4.68437699680511
"250",0.313,0.0615,5,30,13.2665,33.5128,1.5265,0.0357249,0,0,"HSG","Li",4.87699680511182
"251",0.313,0.0615,5,30,11.9006,36.6439,1.58079,0.0341533,0,0,"HSG","Li",5.05044728434505
"252",0.313,0.0615,5,30,10.6848,40.0675,1.63574,0.0324997,0,0,"HSG","Li",5.22600638977636
"253",0.313,0.0615,5,30,9.55217,43.811,1.69359,0.0307137,0,0,"HSG","Li",5.41083067092652
"254",0.313,0.0615,5,30,8.55177,47.9043,1.75184,0.0288378,0,0,"HSG","Li",5.59693290734824
"255",0.313,0.0615,5,30,7.67132,52.38,1.8095,0.0268858,0,0,"HSG","Li",5.78115015974441
"256",0.313,0.0615,5,30,6.87496,57.2738,1.86784,0.0248265,0,0,"HSG","Li",5.96753993610224
"257",0.313,0.0615,5,30,6.15937,62.6249,1.92618,0.0226674,0,0,"HSG","Li",6.15392971246006
"258",0.313,0.0615,5,30,5.50263,68.476,1.98434,0.0204073,0,0,"HSG","Li",6.33974440894569
"259",0.313,0.0615,5,30,4.92384,74.8737,2.04035,0.0180832,0,0,"HSG","Li",6.51869009584665
"260",0.313,0.0615,5,30,4.40658,81.8691,2.09268,0.0157247,0,0,"HSG","Li",6.6858785942492
"261",0.313,0.0615,5,30,3.93699,89.5181,2.1413,0.0133319,0,0,"HSG","Li",6.84121405750799
"262",0.313,0.0615,5,30,3.52447,97.8818,2.18221,0.0109898,0,0,"HSG","Li",6.97191693290735
"263",0.313,0.0615,5,30,3.15414,107.027,2.21447,0.00872159,0,0,"HSG","Li",7.07498402555911
"264",0.313,0.0615,5,30,2.817,117.026,2.23634,0.00656841,0,0,"HSG","Li",7.14485623003195
"265",0.313,0.0615,5,30,2.51864,127.96,2.24302,0.00463459,0,0,"HSG","Li",7.16619808306709
"266",0.313,0.0615,5,30,2.20325,139.916,2.2402,0.00281209,0,0,"HSG","Li",7.15718849840256
"267",0.313,0.0615,5,30,1.8911,152.988,2.2113,0.00144018,0,0,"HSG","Li",7.06485623003195
"268",0.313,0.0615,5,30,1.65793,167.282,2.1454,0.000736743,0,0,"HSG","Li",6.85431309904153
"269",0.313,0.0615,5,30,1.45149,182.911,2.0587,0.000393833,0,0,"HSG","Li",6.57731629392971
"270",0.313,0.0615,5,30,1.26999,200,1.96161,0.000223266,0,0,"HSG","Li",6.26712460063898
"271",0.54,0.062,6.5,9.5,70.0545,15,0.681612,0.0536538,0,0,"AG01522","Be",1.26224444444444
"272",0.54,0.062,6.5,9.5,61.9193,16.5281,0.703796,0.0523717,0,0,"AG01522","Be",1.30332592592593
"273",0.54,0.062,6.5,9.5,54.845,18.212,0.72662,0.0510417,0,0,"AG01522","Be",1.34559259259259
"274",0.54,0.062,6.5,9.5,48.6743,20.0673,0.750112,0.0496608,0,0,"AG01522","Be",1.3890962962963
"275",0.54,0.062,6.5,9.5,43.1178,22.1117,0.774891,0.0481937,0,0,"AG01522","Be",1.43498333333333
"276",0.54,0.062,6.5,9.5,38.2667,24.3644,0.800421,0.0466671,0,0,"AG01522","Be",1.48226111111111
"277",0.54,0.062,6.5,9.5,34.0105,26.8465,0.826777,0.0450749,0,0,"AG01522","Be",1.53106851851852
"278",0.54,0.062,6.5,9.5,30.1719,29.5815,0.854597,0.0433799,0,0,"AG01522","Be",1.58258703703704
"279",0.54,0.062,6.5,9.5,26.5084,32.5951,0.88558,0.041487,0,0,"AG01522","Be",1.63996296296296
"280",0.54,0.062,6.5,9.5,23.5709,35.9158,0.915482,0.0396236,0,0,"AG01522","Be",1.69533703703704
"281",0.54,0.062,6.5,9.5,21.0924,39.5748,0.945204,0.0377379,0,0,"AG01522","Be",1.75037777777778
"282",0.54,0.062,6.5,9.5,18.9068,43.6065,0.975652,0.0357774,0,0,"AG01522","Be",1.80676296296296
"283",0.54,0.062,6.5,9.5,17.0485,48.0489,1.00572,0.0337988,0,0,"AG01522","Be",1.86244444444444
"284",0.54,0.062,6.5,9.5,15.3578,52.944,1.03637,0.0317467,0,0,"AG01522","Be",1.9192037037037
"285",0.54,0.062,6.5,9.5,13.8375,58.3377,1.05565,0.0302721,0,0,"AG01522","Be",1.95490740740741
"286",0.54,0.062,6.5,9.5,12.4314,64.2809,1.07574,0.0287053,0,0,"AG01522","Be",1.99211111111111
"287",0.54,0.062,6.5,9.5,11.1427,70.8296,1.09668,0.0270397,0,0,"AG01522","Be",2.03088888888889
"288",0.54,0.062,6.5,9.5,9.97082,78.0454,1.11858,0.0252632,0,0,"AG01522","Be",2.07144444444444
"289",0.54,0.062,6.5,9.5,8.89391,85.9964,1.14139,0.0233738,0,0,"AG01522","Be",2.11368518518518
"290",0.54,0.062,6.5,9.5,7.92719,94.7573,1.1654,0.0213508,0,0,"AG01522","Be",2.15814814814815
"291",0.54,0.062,6.5,9.5,7.03306,104.411,1.19015,0.0192129,0,0,"AG01522","Be",2.20398148148148
"292",0.54,0.062,6.5,9.5,6.22288,115.048,1.2166,0.0169034,0,0,"AG01522","Be",2.25296296296296
"293",0.54,0.062,6.5,9.5,5.49958,126.768,1.24212,0.014563,0,0,"AG01522","Be",2.30022222222222
"294",0.54,0.062,6.5,9.5,4.8585,139.683,1.26882,0.0120703,0,0,"AG01522","Be",2.34966666666667
"295",0.54,0.062,6.5,9.5,4.27525,153.913,1.2947,0.00953458,0,0,"AG01522","Be",2.39759259259259
"296",0.54,0.062,6.5,9.5,3.767,169.593,1.31762,0.00707068,0,0,"AG01522","Be",2.44003703703704
"297",0.54,0.062,6.5,9.5,3.31408,186.871,1.33595,0.00476576,0,0,"AG01522","Be",2.47398148148148
"298",0.54,0.062,6.5,9.5,2.92237,205.909,1.34473,0.0028867,0,0,"AG01522","Be",2.49024074074074
"299",0.54,0.062,6.5,9.5,2.57181,226.886,1.33965,0.00165865,0,0,"AG01522","Be",2.48083333333333
"300",0.54,0.062,6.5,9.5,2.22349,250,1.32348,0.000924804,0,0,"AG01522","Be",2.45088888888889
"301",0.11,0.06,6.5,8,70.0545,15,0.32565,0.0461878,0,0,"U87","Be",2.96045454545455
"302",0.11,0.06,6.5,8,61.9193,16.5281,0.338929,0.0453117,0,0,"U87","Be",3.08117272727273
"303",0.11,0.06,6.5,8,54.845,18.212,0.352657,0.0444014,0,0,"U87","Be",3.20597272727273
"304",0.11,0.06,6.5,8,48.6743,20.0673,0.366857,0.0434547,0,0,"U87","Be",3.33506363636364
"305",0.11,0.06,6.5,8,43.1178,22.1117,0.381861,0.0424495,0,0,"U87","Be",3.47146363636364
"306",0.11,0.06,6.5,8,38.2667,24.3644,0.397407,0.0414017,0,0,"U87","Be",3.61279090909091
"307",0.11,0.06,6.5,8,34.0105,26.8465,0.413547,0.0403067,0,0,"U87","Be",3.75951818181818
"308",0.11,0.06,6.5,8,30.1719,29.5815,0.430642,0.0391404,0,0,"U87","Be",3.91492727272727
"309",0.11,0.06,6.5,8,26.5084,32.5951,0.449626,0.0378414,0,0,"U87","Be",4.08750909090909
"310",0.11,0.06,6.5,8,23.5709,35.9158,0.46825,0.0365522,0,0,"U87","Be",4.25681818181818
"311",0.11,0.06,6.5,8,21.0924,39.5748,0.487007,0.0352397,0,0,"U87","Be",4.42733636363636
"312",0.11,0.06,6.5,8,18.9068,43.6065,0.50641,0.0338695,0,0,"U87","Be",4.60372727272727
"313",0.11,0.06,6.5,8,17.0485,48.0489,0.525878,0.0324769,0,0,"U87","Be",4.78070909090909
"314",0.11,0.06,6.5,8,15.3578,52.944,0.546185,0.0310102,0,0,"U87","Be",4.96531818181818
"315",0.11,0.06,6.5,8,13.8375,58.3377,0.564743,0.0296345,0,0,"U87","Be",5.13402727272727
"316",0.11,0.06,6.5,8,12.4314,64.2809,0.584457,0.0281599,0,0,"U87","Be",5.31324545454545
"317",0.11,0.06,6.5,8,11.1427,70.8296,0.605358,0.0265816,0,0,"U87","Be",5.50325454545454
"318",0.11,0.06,6.5,8,9.97082,78.0454,0.627486,0.0248943,0,0,"U87","Be",5.70441818181818
"319",0.11,0.06,6.5,8,8.89391,85.9964,0.651089,0.0230788,0,0,"U87","Be",5.91899090909091
"320",0.11,0.06,6.5,8,7.92719,94.7573,0.676012,0.0211421,0,0,"U87","Be",6.14556363636364
"321",0.11,0.06,6.5,8,7.03306,104.411,0.702736,0.0190498,0,0,"U87","Be",6.38850909090909
"322",0.11,0.06,6.5,8,6.22288,115.048,0.731296,0.0167971,0,0,"U87","Be",6.64814545454545
"323",0.11,0.06,6.5,8,5.49958,126.768,0.760787,0.0144408,0,0,"U87","Be",6.91624545454545
"324",0.11,0.06,6.5,8,4.8585,139.683,0.791436,0.0119645,0,0,"U87","Be",7.19487272727273
"325",0.11,0.06,6.5,8,4.27525,153.913,0.822838,0.00939395,0,0,"U87","Be",7.48034545454545
"326",0.11,0.06,6.5,8,3.767,169.593,0.852625,0.00688209,0,0,"U87","Be",7.75113636363636
"327",0.11,0.06,6.5,8,3.31408,186.871,0.878983,0.00454438,0,0,"U87","Be",7.99075454545455
"328",0.11,0.06,6.5,8,2.92237,205.909,0.896621,0.00271511,0,0,"U87","Be",8.1511
"329",0.11,0.06,6.5,8,2.57181,226.886,0.902449,0.00158209,0,0,"U87","Be",8.20408181818182
"330",0.11,0.06,6.5,8,2.22349,250,0.900311,0.000892889,0,0,"U87","Be",8.18464545454545
"331",0.313,0.0615,5,30,70.0545,15,0.898724,0.0501143,0,0,"HSG","Be",2.87132268370607
"332",0.313,0.0615,5,30,61.9193,16.5281,0.940138,0.0491881,0,0,"HSG","Be",3.0036357827476
"333",0.313,0.0615,5,30,54.845,18.212,0.982663,0.0482115,0,0,"HSG","Be",3.13949840255591
"334",0.313,0.0615,5,30,48.6743,20.0673,1.02631,0.0471802,0,0,"HSG","Be",3.27894568690096
"335",0.313,0.0615,5,30,43.1178,22.1117,1.07194,0.0460737,0,0,"HSG","Be",3.42472843450479
"336",0.313,0.0615,5,30,38.2667,24.3644,1.11869,0.0449027,0,0,"HSG","Be",3.57408945686901
"337",0.313,0.0615,5,30,34.0105,26.8465,1.16658,0.0436618,0,0,"HSG","Be",3.72709265175719
"338",0.313,0.0615,5,30,30.1719,29.5815,1.21648,0.042328,0,0,"HSG","Be",3.88651757188498
"339",0.313,0.0615,5,30,26.5084,32.5951,1.27082,0.0408464,0,0,"HSG","Be",4.06012779552716
"340",0.313,0.0615,5,30,23.5709,35.9158,1.32299,0.0393389,0,0,"HSG","Be",4.22680511182109
"341",0.313,0.0615,5,30,21.0924,39.5748,1.37416,0.0377764,0,0,"HSG","Be",4.3902875399361
"342",0.313,0.0615,5,30,18.9068,43.6065,1.42546,0.0361287,0,0,"HSG","Be",4.55418530351438
"343",0.313,0.0615,5,30,17.0485,48.0489,1.47496,0.0344278,0,0,"HSG","Be",4.71233226837061
"344",0.313,0.0615,5,30,15.3578,52.944,1.52475,0.032623,0,0,"HSG","Be",4.87140575079872
"345",0.313,0.0615,5,30,13.8375,58.3377,1.57399,0.0307229,0,0,"HSG","Be",5.02872204472843
"346",0.313,0.0615,5,30,12.4314,64.2809,1.61958,0.0287851,0,0,"HSG","Be",5.17437699680511
"347",0.313,0.0615,5,30,11.1427,70.8296,1.66166,0.0268001,0,0,"HSG","Be",5.3088178913738
"348",0.313,0.0615,5,30,9.97082,78.0454,1.70247,0.0247128,0,0,"HSG","Be",5.43920127795527
"349",0.313,0.0615,5,30,8.89391,85.9964,1.7418,0.0225205,0,0,"HSG","Be",5.56485623003195
"350",0.313,0.0615,5,30,7.92719,94.7573,1.77814,0.0202501,0,0,"HSG","Be",5.68095846645367
"351",0.313,0.0615,5,30,7.03306,104.411,1.81153,0.0178963,0,0,"HSG","Be",5.7876357827476
"352",0.313,0.0615,5,30,6.22288,115.048,1.84058,0.0154886,0,0,"HSG","Be",5.88044728434505
"353",0.313,0.0615,5,30,5.49958,126.768,1.86231,0.0130964,0,0,"HSG","Be",5.94987220447284
"354",0.313,0.0615,5,30,4.8585,139.683,1.87575,0.0107469,0,0,"HSG","Be",5.99281150159744
"355",0.313,0.0615,5,30,4.27525,153.913,1.87966,0.00847738,0,0,"HSG","Be",6.005303514377
"356",0.313,0.0615,5,30,3.767,169.593,1.87001,0.00639366,0,0,"HSG","Be",5.97447284345048
"357",0.313,0.0615,5,30,3.31408,186.871,1.84593,0.00453114,0,0,"HSG","Be",5.89753993610224
"358",0.313,0.0615,5,30,2.92237,205.909,1.80433,0.00297994,0,0,"HSG","Be",5.76463258785942
"359",0.313,0.0615,5,30,2.57181,226.886,1.74538,0.00175684,0,0,"HSG","Be",5.57629392971246
"360",0.313,0.0615,5,30,2.22349,250,1.6702,0.000861333,0,0,"HSG","Be",5.33610223642173
"361",0.54,0.062,6.5,9.5,126.761,15,0.611344,0.0574235,0,0,"AG01522","B",1.13211851851852
"362",0.54,0.062,6.5,9.5,110.115,16.6324,0.632173,0.056214,0,0,"AG01522","B",1.17069074074074
"363",0.54,0.062,6.5,9.5,96.152,18.4424,0.653311,0.0549734,0,0,"AG01522","B",1.20983518518518
"364",0.54,0.062,6.5,9.5,83.9456,20.4494,0.675381,0.0536665,0,0,"AG01522","B",1.25070555555556
"365",0.54,0.062,6.5,9.5,73.4253,22.6748,0.698165,0.0523026,0,0,"AG01522","B",1.29289814814815
"366",0.54,0.062,6.5,9.5,64.3788,25.1424,0.721594,0.0508832,0,0,"AG01522","B",1.33628518518518
"367",0.54,0.062,6.5,9.5,56.5631,27.8785,0.745713,0.0494032,0,0,"AG01522","B",1.38095
"368",0.54,0.062,6.5,9.5,49.6811,30.9124,0.770884,0.0478399,0,0,"AG01522","B",1.42756296296296
"369",0.54,0.062,6.5,9.5,43.8009,34.2765,0.796487,0.0462237,0,0,"AG01522","B",1.47497592592593
"370",0.54,0.062,6.5,9.5,38.6156,38.0066,0.823124,0.0445182,0,0,"AG01522","B",1.5243037037037
"371",0.54,0.062,6.5,9.5,33.9386,42.1427,0.851387,0.0426867,0,0,"AG01522","B",1.57664259259259
"372",0.54,0.062,6.5,9.5,29.8029,46.7289,0.880959,0.0407421,0,0,"AG01522","B",1.63140555555556
"373",0.54,0.062,6.5,9.5,25.7671,51.8142,0.914942,0.038508,0,0,"AG01522","B",1.69433703703704
"374",0.54,0.062,6.5,9.5,22.7636,57.4529,0.945779,0.0363959,0,0,"AG01522","B",1.75144259259259
"375",0.54,0.062,6.5,9.5,20.3669,63.7052,0.974748,0.034331,0,0,"AG01522","B",1.80508888888889
"376",0.54,0.062,6.5,9.5,18.2742,70.6379,1.00376,0.0322026,0,0,"AG01522","B",1.85881481481481
"377",0.54,0.062,6.5,9.5,16.3831,78.3251,1.03356,0.0299626,0,0,"AG01522","B",1.914
"378",0.54,0.062,6.5,9.5,14.6694,86.8488,1.05822,0.0279368,0,0,"AG01522","B",1.95966666666667
"379",0.54,0.062,6.5,9.5,13.0972,96.3002,1.07641,0.0261952,0,0,"AG01522","B",1.99335185185185
"380",0.54,0.062,6.5,9.5,11.6426,106.78,1.09529,0.0243317,0,0,"AG01522","B",2.02831481481481
"381",0.54,0.062,6.5,9.5,10.3176,118.4,1.11478,0.0223421,0,0,"AG01522","B",2.06440740740741
"382",0.54,0.062,6.5,9.5,9.08325,131.285,1.13522,0.020201,0,0,"AG01522","B",2.10225925925926
"383",0.54,0.062,6.5,9.5,7.9904,145.573,1.15511,0.0179854,0,0,"AG01522","B",2.13909259259259
"384",0.54,0.062,6.5,9.5,7.00068,161.415,1.17632,0.0155825,0,0,"AG01522","B",2.17837037037037
"385",0.54,0.062,6.5,9.5,6.09791,178.981,1.19661,0.0131135,0,0,"AG01522","B",2.21594444444444
"386",0.54,0.062,6.5,9.5,5.31577,198.458,1.21678,0.0105286,0,0,"AG01522","B",2.2532962962963
"387",0.54,0.062,6.5,9.5,4.62417,220.055,1.23341,0.0080188,0,0,"AG01522","B",2.28409259259259
"388",0.54,0.062,6.5,9.5,4.0239,244.003,1.24586,0.00561812,0,0,"AG01522","B",2.30714814814815
"389",0.54,0.062,6.5,9.5,3.49844,270.557,1.25108,0.00349522,0,0,"AG01522","B",2.31681481481481
"390",0.54,0.062,6.5,9.5,3.04088,300,1.24418,0.00191678,0,0,"AG01522","B",2.30403703703704
"391",0.11,0.06,6.5,8,126.761,15,0.290094,0.0484407,0,0,"U87","B",2.63721818181818
"392",0.11,0.06,6.5,8,110.115,16.6324,0.302555,0.0476168,0,0,"U87","B",2.7505
"393",0.11,0.06,6.5,8,96.152,18.4424,0.31529,0.0467695,0,0,"U87","B",2.86627272727273
"394",0.11,0.06,6.5,8,83.9456,20.4494,0.328627,0.0458771,0,0,"U87","B",2.98751818181818
"395",0.11,0.06,6.5,8,73.4253,22.6748,0.342464,0.0449451,0,0,"U87","B",3.11330909090909
"396",0.11,0.06,6.5,8,64.3788,25.1424,0.356779,0.0439738,0,0,"U87","B",3.24344545454545
"397",0.11,0.06,6.5,8,56.5631,27.8785,0.371606,0.0429598,0,0,"U87","B",3.37823636363636
"398",0.11,0.06,6.5,8,49.6811,30.9124,0.387153,0.0418882,0,0,"U87","B",3.51957272727273
"399",0.11,0.06,6.5,8,43.8009,34.2765,0.403116,0.0407771,0,0,"U87","B",3.66469090909091
"400",0.11,0.06,6.5,8,38.6156,38.0066,0.419825,0.0396035,0,0,"U87","B",3.81659090909091
"401",0.11,0.06,6.5,8,33.9386,42.1427,0.43763,0.0383427,0,0,"U87","B",3.97845454545455
"402",0.11,0.06,6.5,8,29.8029,46.7289,0.456396,0.0370011,0,0,"U87","B",4.14905454545455
"403",0.11,0.06,6.5,8,25.7671,51.8142,0.477877,0.0354625,0,0,"U87","B",4.34433636363636
"404",0.11,0.06,6.5,8,22.7636,57.4529,0.49795,0.0339909,0,0,"U87","B",4.52681818181818
"405",0.11,0.06,6.5,8,20.3669,63.7052,0.517321,0.0325384,0,0,"U87","B",4.70291818181818
"406",0.11,0.06,6.5,8,18.2742,70.6379,0.537082,0.0310312,0,0,"U87","B",4.88256363636364
"407",0.11,0.06,6.5,8,16.3831,78.3251,0.557711,0.0294346,0,0,"U87","B",5.0701
"408",0.11,0.06,6.5,8,14.6694,86.8488,0.57801,0.0278235,0,0,"U87","B",5.25463636363636
"409",0.11,0.06,6.5,8,13.0972,96.3002,0.597877,0.026201,0,0,"U87","B",5.43524545454545
"410",0.11,0.06,6.5,8,11.6426,106.78,0.619082,0.0244467,0,0,"U87","B",5.62801818181818
"411",0.11,0.06,6.5,8,10.3176,118.4,0.641563,0.0225601,0,0,"U87","B",5.83239090909091
"412",0.11,0.06,6.5,8,9.08325,131.285,0.665901,0.0204979,0,0,"U87","B",6.05364545454545
"413",0.11,0.06,6.5,8,7.9904,145.573,0.691114,0.0183206,0,0,"U87","B",6.28285454545455
"414",0.11,0.06,6.5,8,7.00068,161.415,0.718057,0.0159674,0,0,"U87","B",6.52779090909091
"415",0.11,0.06,6.5,8,6.09791,178.981,0.746388,0.013458,0,0,"U87","B",6.78534545454546
"416",0.11,0.06,6.5,8,5.31577,198.458,0.775149,0.0108539,0,0,"U87","B",7.04680909090909
"417",0.11,0.06,6.5,8,4.62417,220.055,0.803141,0.00823313,0,0,"U87","B",7.30128181818182
"418",0.11,0.06,6.5,8,4.0239,244.003,0.828604,0.0057108,0,0,"U87","B",7.53276363636364
"419",0.11,0.06,6.5,8,3.49844,270.557,0.84844,0.00348623,0,0,"U87","B",7.71309090909091
"420",0.11,0.06,6.5,8,3.04088,300,0.856977,0.00191788,0,0,"U87","B",7.7907
"421",0.313,0.0615,5,30,126.761,15,0.796867,0.0519747,0,0,"HSG","B",2.54590095846645
"422",0.313,0.0615,5,30,110.115,16.6324,0.835943,0.051095,0,0,"HSG","B",2.67074440894569
"423",0.313,0.0615,5,30,96.152,18.4424,0.875701,0.0501715,0,0,"HSG","B",2.79776677316294
"424",0.313,0.0615,5,30,83.9456,20.4494,0.916968,0.0491841,0,0,"HSG","B",2.92961022364217
"425",0.313,0.0615,5,30,73.4253,22.6748,0.959417,0.0481341,0,0,"HSG","B",3.06523003194888
"426",0.313,0.0615,5,30,64.3788,25.1424,1.00284,0.0470194,0,0,"HSG","B",3.20396166134185
"427",0.313,0.0615,5,30,56.5631,27.8785,1.04725,0.0458339,0,0,"HSG","B",3.34584664536741
"428",0.313,0.0615,5,30,49.6811,30.9124,1.09306,0.044562,0,0,"HSG","B",3.49220447284345
"429",0.313,0.0615,5,30,43.8009,34.2765,1.13922,0.0432172,0,0,"HSG","B",3.63968051118211
"430",0.313,0.0615,5,30,38.6156,38.0066,1.18646,0.0417763,0,0,"HSG","B",3.79060702875399
"431",0.313,0.0615,5,30,33.9386,42.1427,1.23551,0.0402153,0,0,"HSG","B",3.94731629392971
"432",0.313,0.0615,5,30,29.8029,46.7289,1.28562,0.0385385,0,0,"HSG","B",4.10741214057508
"433",0.313,0.0615,5,30,25.7671,51.8142,1.34117,0.0366425,0,0,"HSG","B",4.28488817891374
"434",0.313,0.0615,5,30,22.7636,57.4529,1.39038,0.0347633,0,0,"HSG","B",4.44210862619808
"435",0.313,0.0615,5,30,20.3669,63.7052,1.43488,0.0328606,0,0,"HSG","B",4.58428115015974
"436",0.313,0.0615,5,30,18.2742,70.6379,1.4771,0.0308734,0,0,"HSG","B",4.71916932907348
"437",0.313,0.0615,5,30,16.3831,78.3251,1.51765,0.0287786,0,0,"HSG","B",4.84872204472843
"438",0.313,0.0615,5,30,14.6694,86.8488,1.55598,0.0265786,0,0,"HSG","B",4.9711821086262
"439",0.313,0.0615,5,30,13.0972,96.3002,1.59138,0.0242804,0,0,"HSG","B",5.08428115015974
"440",0.313,0.0615,5,30,11.6426,106.78,1.61821,0.0220104,0,0,"HSG","B",5.17
"441",0.313,0.0615,5,30,10.3176,118.4,1.64099,0.0196601,0,0,"HSG","B",5.24277955271566
"442",0.313,0.0615,5,30,9.08325,131.285,1.65966,0.0172273,0,0,"HSG","B",5.30242811501597
"443",0.313,0.0615,5,30,7.9904,145.573,1.67079,0.0147963,0,0,"HSG","B",5.33798722044728
"444",0.313,0.0615,5,30,7.00068,161.415,1.67457,0.0123688,0,0,"HSG","B",5.35006389776358
"445",0.313,0.0615,5,30,6.09791,178.981,1.66911,0.0100022,0,0,"HSG","B",5.33261980830671
"446",0.313,0.0615,5,30,5.31577,198.458,1.65155,0.0077861,0,0,"HSG","B",5.27651757188498
"447",0.313,0.0615,5,30,4.62417,220.055,1.62045,0.00578021,0,0,"HSG","B",5.17715654952077
"448",0.313,0.0615,5,30,4.0239,244.003,1.57458,0.00404502,0,0,"HSG","B",5.03060702875399
"449",0.313,0.0615,5,30,3.49844,270.557,1.51378,0.00261812,0,0,"HSG","B",4.83635782747604
"450",0.313,0.0615,5,30,3.04088,300,1.43854,0.00152824,0,0,"HSG","B",4.59597444089457
"451",0.54,0.062,6.5,9.5,142.557,20,0.613479,0.0570349,0,0,"AG01522","C",1.13607222222222
"452",0.54,0.062,6.5,9.5,122.266,22.3478,0.635534,0.0557115,0,0,"AG01522","C",1.17691481481481
"453",0.54,0.062,6.5,9.5,105.215,24.9712,0.65821,0.0543322,0,0,"AG01522","C",1.21890740740741
"454",0.54,0.062,6.5,9.5,90.7771,27.9026,0.681586,0.0528897,0,0,"AG01522","C",1.2621962962963
"455",0.54,0.062,6.5,9.5,78.7268,31.1781,0.705315,0.0513993,0,0,"AG01522","C",1.30613888888889
"456",0.54,0.062,6.5,9.5,68.2423,34.8381,0.730114,0.0498179,0,0,"AG01522","C",1.35206296296296
"457",0.54,0.062,6.5,9.5,59.3024,38.9277,0.755592,0.0481625,0,0,"AG01522","C",1.39924444444444
"458",0.54,0.062,6.5,9.5,51.5957,43.4974,0.781923,0.0464184,0,0,"AG01522","C",1.44800555555556
"459",0.54,0.062,6.5,9.5,44.9573,48.6036,0.809049,0.0445834,0,0,"AG01522","C",1.49823888888889
"460",0.54,0.062,6.5,9.5,39.2618,54.3092,0.836801,0.0426607,0,0,"AG01522","C",1.54963148148148
"461",0.54,0.062,6.5,9.5,34.2647,60.6846,0.865651,0.0406175,0,0,"AG01522","C",1.60305740740741
"462",0.54,0.062,6.5,9.5,29.7038,67.8083,0.896778,0.03838,0,0,"AG01522","C",1.6607
"463",0.54,0.062,6.5,9.5,25.4413,75.7684,0.931491,0.035866,0,0,"AG01522","C",1.72498333333333
"464",0.54,0.062,6.5,9.5,22.3389,84.6628,0.962051,0.0335017,0,0,"AG01522","C",1.78157592592593
"465",0.54,0.062,6.5,9.5,19.8176,94.6014,0.990859,0.0311455,0,0,"AG01522","C",1.83492407407407
"466",0.54,0.062,6.5,9.5,17.6226,105.707,1.01932,0.0287093,0,0,"AG01522","C",1.88762962962963
"467",0.54,0.062,6.5,9.5,15.6384,118.116,1.04828,0.0261368,0,0,"AG01522","C",1.94125925925926
"468",0.54,0.062,6.5,9.5,13.8324,131.981,1.06553,0.0241156,0,0,"AG01522","C",1.9732037037037
"469",0.54,0.062,6.5,9.5,12.2193,147.474,1.08089,0.02208,0,0,"AG01522","C",2.00164814814815
"470",0.54,0.062,6.5,9.5,10.7198,164.787,1.09664,0.01989,0,0,"AG01522","C",2.03081481481481
"471",0.54,0.062,6.5,9.5,9.36755,184.131,1.11182,0.0175897,0,0,"AG01522","C",2.05892592592593
"472",0.54,0.062,6.5,9.5,8.12743,205.746,1.12704,0.0151364,0,0,"AG01522","C",2.08711111111111
"473",0.54,0.062,6.5,9.5,7.01567,229.899,1.141,0.0125975,0,0,"AG01522","C",2.11296296296296
"474",0.54,0.062,6.5,9.5,6.01743,256.886,1.15348,0.00998027,0,0,"AG01522","C",2.13607407407407
"475",0.54,0.062,6.5,9.5,5.13233,287.042,1.16324,0.00735633,0,0,"AG01522","C",2.15414814814815
"476",0.54,0.062,6.5,9.5,4.37274,320.738,1.16722,0.00490201,0,0,"AG01522","C",2.16151851851852
"477",0.54,0.062,6.5,9.5,3.71339,358.39,1.16262,0.0027798,0,0,"AG01522","C",2.153
"478",0.54,0.062,6.5,9.5,3.14966,400.461,1.14283,0.00136438,0,0,"AG01522","C",2.11635185185185
"479",0.54,0.062,6.5,9.5,2.67058,447.471,1.10796,0.000651085,0,0,"AG01522","C",2.05177777777778
"480",0.54,0.062,6.5,9.5,2.21493,500,1.06383,0.000323091,0,0,"AG01522","C",1.97005555555556
"481",0.11,0.06,6.5,8,142.557,20,0.296393,0.0479386,0,0,"U87","C",2.69448181818182
"482",0.11,0.06,6.5,8,122.266,22.3478,0.309753,0.047038,0,0,"U87","C",2.81593636363636
"483",0.11,0.06,6.5,8,105.215,24.9712,0.323576,0.0460986,0,0,"U87","C",2.9416
"484",0.11,0.06,6.5,8,90.7771,27.9026,0.337917,0.0451152,0,0,"U87","C",3.07197272727273
"485",0.11,0.06,6.5,8,78.7268,31.1781,0.352605,0.0440973,0,0,"U87","C",3.2055
"486",0.11,0.06,6.5,8,68.2423,34.8381,0.368042,0.0430172,0,0,"U87","C",3.34583636363636
"487",0.11,0.06,6.5,8,59.3024,38.9277,0.384037,0.0418849,0,0,"U87","C",3.49124545454545
"488",0.11,0.06,6.5,8,51.5957,43.4974,0.400705,0.0406908,0,0,"U87","C",3.64277272727273
"489",0.11,0.06,6.5,8,44.9573,48.6036,0.418044,0.0394322,0,0,"U87","C",3.8004
"490",0.11,0.06,6.5,8,39.2618,54.3092,0.435994,0.0381098,0,0,"U87","C",3.96358181818182
"491",0.11,0.06,6.5,8,34.2647,60.6846,0.454854,0.0367009,0,0,"U87","C",4.13503636363636
"492",0.11,0.06,6.5,8,29.7038,67.8083,0.475337,0.0351548,0,0,"U87","C",4.32124545454545
"493",0.11,0.06,6.5,8,25.4413,75.7684,0.49827,0.0334122,0,0,"U87","C",4.52972727272727
"494",0.11,0.06,6.5,8,22.3389,84.6628,0.519329,0.0317525,0,0,"U87","C",4.72117272727273
"495",0.11,0.06,6.5,8,19.8176,94.6014,0.539892,0.0300812,0,0,"U87","C",4.90810909090909
"496",0.11,0.06,6.5,8,17.6226,105.707,0.560831,0.0283357,0,0,"U87","C",5.09846363636364
"497",0.11,0.06,6.5,8,15.6384,118.116,0.582725,0.0264719,0,0,"U87","C",5.2975
"498",0.11,0.06,6.5,8,13.8324,131.981,0.603027,0.0246535,0,0,"U87","C",5.48206363636364
"499",0.11,0.06,6.5,8,12.2193,147.474,0.623698,0.0227441,0,0,"U87","C",5.66998181818182
"500",0.11,0.06,6.5,8,10.7198,164.787,0.645879,0.0206604,0,0,"U87","C",5.87162727272727
"501",0.11,0.06,6.5,8,9.36755,184.131,0.66908,0.0184283,0,0,"U87","C",6.08254545454545
"502",0.11,0.06,6.5,8,8.12743,205.746,0.693839,0.0160056,0,0,"U87","C",6.30762727272727
"503",0.11,0.06,6.5,8,7.01567,229.899,0.719524,0.0134295,0,0,"U87","C",6.54112727272727
"504",0.11,0.06,6.5,8,6.01743,256.886,0.745991,0.0107071,0,0,"U87","C",6.78173636363636
"505",0.11,0.06,6.5,8,5.13233,287.042,0.772162,0.00791035,0,0,"U87","C",7.01965454545455
"506",0.11,0.06,6.5,8,4.37274,320.738,0.795068,0.00523843,0,0,"U87","C",7.22789090909091
"507",0.11,0.06,6.5,8,3.71339,358.39,0.811195,0.00292185,0,0,"U87","C",7.3745
"508",0.11,0.06,6.5,8,3.14966,400.461,0.812855,0.00145235,0,0,"U87","C",7.38959090909091
"509",0.11,0.06,6.5,8,2.67058,447.471,0.801611,0.000713574,0,0,"U87","C",7.28737272727273
"510",0.11,0.06,6.5,8,2.21493,500,0.782699,0.000361247,0,0,"U87","C",7.11544545454545
"511",0.313,0.0615,5,30,142.557,20,0.823753,0.0509835,0,0,"HSG","C",2.63179872204473
"512",0.313,0.0615,5,30,122.266,22.3478,0.86506,0.0499628,0,0,"HSG","C",2.76376996805112
"513",0.313,0.0615,5,30,105.215,24.9712,0.90739,0.0488738,0,0,"HSG","C",2.89900958466454
"514",0.313,0.0615,5,30,90.7771,27.9026,0.950762,0.0477091,0,0,"HSG","C",3.03757827476038
"515",0.313,0.0615,5,30,78.7268,31.1781,0.994543,0.046473,0,0,"HSG","C",3.17745367412141
"516",0.313,0.0615,5,30,68.2423,34.8381,1.03969,0.0451375,0,0,"HSG","C",3.32169329073482
"517",0.313,0.0615,5,30,59.3024,38.9277,1.08545,0.0437078,0,0,"HSG","C",3.46789137380192
"518",0.313,0.0615,5,30,51.5957,43.4974,1.13187,0.0421716,0,0,"HSG","C",3.61619808306709
"519",0.313,0.0615,5,30,44.9573,48.6036,1.17863,0.0405238,0,0,"HSG","C",3.7655910543131
"520",0.313,0.0615,5,30,39.2618,54.3092,1.22517,0.0387632,0,0,"HSG","C",3.91428115015974
"521",0.313,0.0615,5,30,34.2647,60.6846,1.27185,0.0368688,0,0,"HSG","C",4.06341853035144
"522",0.313,0.0615,5,30,29.7038,67.8083,1.31996,0.0347966,0,0,"HSG","C",4.21712460063898
"523",0.313,0.0615,5,30,25.4413,75.7684,1.37081,0.0324992,0,0,"HSG","C",4.37958466453674
"524",0.313,0.0615,5,30,22.3389,84.6628,1.41244,0.0302356,0,0,"HSG","C",4.51258785942492
"525",0.313,0.0615,5,30,19.8176,94.6014,1.44789,0.0279304,0,0,"HSG","C",4.62584664536741
"526",0.313,0.0615,5,30,17.6226,105.707,1.47857,0.0255426,0,0,"HSG","C",4.72386581469649
"527",0.313,0.0615,5,30,15.6384,118.116,1.50482,0.0230564,0,0,"HSG","C",4.80773162939297
"528",0.313,0.0615,5,30,13.8324,131.981,1.52581,0.0204861,0,0,"HSG","C",4.87479233226837
"529",0.313,0.0615,5,30,12.2193,147.474,1.53609,0.017972,0,0,"HSG","C",4.9076357827476
"530",0.313,0.0615,5,30,10.7198,164.787,1.53786,0.0154647,0,0,"HSG","C",4.91329073482428
"531",0.313,0.0615,5,30,9.36755,184.131,1.53086,0.0129812,0,0,"HSG","C",4.89092651757189
"532",0.313,0.0615,5,30,8.12743,205.746,1.51458,0.0105505,0,0,"HSG","C",4.83891373801917
"533",0.313,0.0615,5,30,7.01567,229.899,1.48686,0.00825533,0,0,"HSG","C",4.75035143769968
"534",0.313,0.0615,5,30,6.01743,256.886,1.44683,0.00615178,0,0,"HSG","C",4.62246006389776
"535",0.313,0.0615,5,30,5.13233,287.042,1.39345,0.00430975,0,0,"HSG","C",4.45191693290735
"536",0.313,0.0615,5,30,4.37274,320.738,1.32591,0.00280436,0,0,"HSG","C",4.23613418530351
"537",0.313,0.0615,5,30,3.71339,358.39,1.2459,0.0016466,0,0,"HSG","C",3.98051118210863
"538",0.313,0.0615,5,30,3.14966,400.461,1.1557,0.000842908,0,0,"HSG","C",3.69233226837061
"539",0.313,0.0615,5,30,2.67058,447.471,1.05927,0.000359969,0,0,"HSG","C",3.38424920127796
"540",0.313,0.0615,5,30,2.21493,500,0.961511,0.00013536,0,0,"HSG","C",3.07192012779553
